nCoV-2019_1	nCoV-2019_1_LEFT	ACCAACCAACTTTCGATCTCTTGT	True	True	0
nCoV-2019_1	nCoV-2019_1_RIGHT	CATCTTTAAGATGTTGACGTGCCTC	False	False	0
nCoV-2019_2	nCoV-2019_2_LEFT	CTGTTTTACAGGTTCGCGACGT	True	True	0
nCoV-2019_2	nCoV-2019_2_RIGHT	TAAGGATCAGTGCCAAGCTCGT	False	False	0
nCoV-2019_3	nCoV-2019_3_LEFT	CGGTAATAAAGGAGCTGGTGGC	True	True	0
nCoV-2019_3	nCoV-2019_3_RIGHT	AAGGTGTCTGCAATTCATAGCTCT	False	False	0
nCoV-2019_4	nCoV-2019_4_LEFT	GGTGTATACTGCTGCCGTGAAC	True	True	0
nCoV-2019_4	nCoV-2019_4_RIGHT	CACAAGTAGTGGCACCTTCTTTAGT	False	False	0
nCoV-2019_5	nCoV-2019_5_LEFT	TGGTGAAACTTCATGGCAGACG	True	True	0
nCoV-2019_5	nCoV-2019_5_RIGHT	ATTGATGTTGACTTTCTCTTTTTGGAGT	False	False	0
nCoV-2019_6	nCoV-2019_6_LEFT	GGTGTTGTTGGAGAAGGTTCCG	True	True	0
nCoV-2019_6	nCoV-2019_6_RIGHT	TAGCGGCCTTCTGTAAAACACG	False	False	0
nCoV-2019_7	nCoV-2019_7_LEFT	ATCAGAGGCTGCTCGTGTTGTA	True	True	0
nCoV-2019_7	nCoV-2019_7_LEFT_alt0	CATTTGCATCAGAGGCTGCTCG	True	True	0
nCoV-2019_7	nCoV-2019_7_RIGHT	TGCACAGGTGACAATTTGTCCA	False	False	0
nCoV-2019_7	nCoV-2019_7_RIGHT_alt5	AGGTGACAATTTGTCCACCGAC	False	False	0
nCoV-2019_8	nCoV-2019_8_LEFT	AGAGTTTCTTAGAGACGGTTGGGA	True	True	0
nCoV-2019_8	nCoV-2019_8_RIGHT	GCTTCAACAGCTTCACTAGTAGGT	False	False	0
nCoV-2019_9	nCoV-2019_9_LEFT	TCCCACAGAAGTGTTAACAGAGGA	True	True	0
nCoV-2019_9	nCoV-2019_9_LEFT_alt4	TTCCCACAGAAGTGTTAACAGAGG	True	True	0
nCoV-2019_9	nCoV-2019_9_RIGHT	ATGACAGCATCTGCCACAACAC	False	False	0
nCoV-2019_9	nCoV-2019_9_RIGHT_alt2	GACAGCATCTGCCACAACACAG	False	False	0
nCoV-2019_10	nCoV-2019_10_LEFT	TGAGAAGTGCTCTGCCTATACAGT	True	True	0
nCoV-2019_10	nCoV-2019_10_RIGHT	TCATCTAACCAATCTTCTTCTTGCTCT	False	False	0
nCoV-2019_11	nCoV-2019_11_LEFT	GGAATTTGGTGCCACTTCTGCT	True	True	0
nCoV-2019_11	nCoV-2019_11_RIGHT	TCATCAGATTCAACTTGCATGGCA	False	False	0
nCoV-2019_12	nCoV-2019_12_LEFT	AAACATGGAGGAGGTGTTGCAG	True	True	0
nCoV-2019_12	nCoV-2019_12_RIGHT	TTCACTCTTCATTTCCAAAAAGCTTGA	False	False	0
nCoV-2019_13	nCoV-2019_13_LEFT	TCGCACAAATGTCTACTTAGCTGT	True	True	0
nCoV-2019_13	nCoV-2019_13_RIGHT	ACCACAGCAGTTAAAACACCCT	False	False	0
nCoV-2019_14	nCoV-2019_14_LEFT	CATCCAGATTCTGCCACTCTTGT	True	True	0
nCoV-2019_14	nCoV-2019_14_LEFT_alt4	TGGCAATCTTCATCCAGATTCTGC	True	True	0
nCoV-2019_14	nCoV-2019_14_RIGHT	AGTTTCCACACAGACAGGCATT	False	False	0
nCoV-2019_14	nCoV-2019_14_RIGHT_alt2	TGCGTGTTTCTTCTGCATGTGC	False	False	0
nCoV-2019_15	nCoV-2019_15_LEFT	ACAGTGCTTAAAAAGTGTAAAAGTGCC	True	True	0
nCoV-2019_15	nCoV-2019_15_LEFT_alt1	AGTGCTTAAAAAGTGTAAAAGTGCCT	True	True	0
nCoV-2019_15	nCoV-2019_15_RIGHT	AACAGAAACTGTAGCTGGCACT	False	False	0
nCoV-2019_15	nCoV-2019_15_RIGHT_alt3	ACTGTAGCTGGCACTTTGAGAGA	False	False	0
nCoV-2019_16	nCoV-2019_16_LEFT	AATTTGGAAGAAGCTGCTCGGT	True	True	0
nCoV-2019_16	nCoV-2019_16_RIGHT	CACAACTTGCGTGTGGAGGTTA	False	False	0
nCoV-2019_17	nCoV-2019_17_LEFT	CTTCTTTCTTTGAGAGAAGTGAGGACT	True	True	0
nCoV-2019_17	nCoV-2019_17_RIGHT	TTTGTTGGAGTGTTAACAATGCAGT	False	False	0
nCoV-2019_18	nCoV-2019_18_LEFT	TGGAAATACCCACAAGTTAATGGTTTAAC	True	True	0
nCoV-2019_18	nCoV-2019_18_LEFT_alt2	ACTTCTATTAAATGGGCAGATAACAACTGT	True	True	0
nCoV-2019_18	nCoV-2019_18_RIGHT	AGCTTGTTTACCACACGTACAAGG	False	False	0
nCoV-2019_18	nCoV-2019_18_RIGHT_alt1	GCTTGTTTACCACACGTACAAGG	False	False	0
nCoV-2019_19	nCoV-2019_19_LEFT	GCTGTTATGTACATGGGCACACT	True	True	0
nCoV-2019_19	nCoV-2019_19_RIGHT	TGTCCAACTTAGGGTCAATTTCTGT	False	False	0
nCoV-2019_20	nCoV-2019_20_LEFT	ACAAAGAAAACAGTTACACAACAACCA	True	True	0
nCoV-2019_20	nCoV-2019_20_RIGHT	ACGTGGCTTTATTAGTTGCATTGTT	False	False	0
nCoV-2019_21	nCoV-2019_21_LEFT	TGGCTATTGATTATAAACACTACACACCC	True	True	0
nCoV-2019_21	nCoV-2019_21_LEFT_alt2	GGCTATTGATTATAAACACTACACACCCT	True	True	0
nCoV-2019_21	nCoV-2019_21_RIGHT	TAGATCTGTGTGGCCAACCTCT	False	False	0
nCoV-2019_21	nCoV-2019_21_RIGHT_alt0	GATCTGTGTGGCCAACCTCTTC	False	False	0
nCoV-2019_22	nCoV-2019_22_LEFT	ACTACCGAAGTTGTAGGAGACATTATACT	True	True	0
nCoV-2019_22	nCoV-2019_22_RIGHT	ACAGTATTCTTTGCTATAGTAGTCGGC	False	False	0
nCoV-2019_23	nCoV-2019_23_LEFT	ACAACTACTAACATAGTTACACGGTGT	True	True	0
nCoV-2019_23	nCoV-2019_23_RIGHT	ACCAGTACAGTAGGTTGCAATAGTG	False	False	0
nCoV-2019_24	nCoV-2019_24_LEFT	AGGCATGCCTTCTTACTGTACTG	True	True	0
nCoV-2019_24	nCoV-2019_24_RIGHT	ACATTCTAACCATAGCTGAAATCGGG	False	False	0
nCoV-2019_25	nCoV-2019_25_LEFT	GCAATTGTTTTTCAGCTATTTTGCAGT	True	True	0
nCoV-2019_25	nCoV-2019_25_RIGHT	ACTGTAGTGACAAGTCTCTCGCA	False	False	0
nCoV-2019_26	nCoV-2019_26_LEFT	TTGTGATACATTCTGTGCTGGTAGT	True	True	0
nCoV-2019_26	nCoV-2019_26_RIGHT	TCCGCACTATCACCAACATCAG	False	False	0
nCoV-2019_27	nCoV-2019_27_LEFT	ACTACAGTCAGCTTATGTGTCAACC	True	True	0
nCoV-2019_27	nCoV-2019_27_RIGHT	AATACAAGCACCAAGGTCACGG	False	False	0
nCoV-2019_28	nCoV-2019_28_LEFT	ACATAGAAGTTACTGGCGATAGTTGT	True	True	0
nCoV-2019_28	nCoV-2019_28_RIGHT	TGTTTAGACATGACATGAACAGGTGT	False	False	0
nCoV-2019_29	nCoV-2019_29_LEFT	ACTTGTGTTCCTTTTTGTTGCTGC	True	True	0
nCoV-2019_29	nCoV-2019_29_RIGHT	AGTGTACTCTATAAGTTTTGATGGTGTGT	False	False	0
nCoV-2019_30	nCoV-2019_30_LEFT	GCACAACTAATGGTGACTTTTTGCA	True	True	0
nCoV-2019_30	nCoV-2019_30_RIGHT	ACCACTAGTAGATACACAAACACCAG	False	False	0
nCoV-2019_31	nCoV-2019_31_LEFT	TTCTGAGTACTGTAGGCACGGC	True	True	0
nCoV-2019_31	nCoV-2019_31_RIGHT	ACAGAATAAACACCAGGTAAGAATGAGT	False	False	0
nCoV-2019_32	nCoV-2019_32_LEFT	TGGTGAATACAGTCATGTAGTTGCC	True	True	0
nCoV-2019_32	nCoV-2019_32_RIGHT	AGCACATCACTACGCAACTTTAGA	False	False	0
nCoV-2019_33	nCoV-2019_33_LEFT	ACTTTTGAAGAAGCTGCGCTGT	True	True	0
nCoV-2019_33	nCoV-2019_33_RIGHT	TGGACAGTAAACTACGTCATCAAGC	False	False	0
nCoV-2019_34	nCoV-2019_34_LEFT	TCCCATCTGGTAAAGTTGAGGGT	True	True	0
nCoV-2019_34	nCoV-2019_34_RIGHT	AGTGAAATTGGGCCTCATAGCA	False	False	0
nCoV-2019_35	nCoV-2019_35_LEFT	TGTTCGCATTCAACCAGGACAG	True	True	0
nCoV-2019_35	nCoV-2019_35_RIGHT	ACTTCATAGCCACAAGGTTAAAGTCA	False	False	0
nCoV-2019_36	nCoV-2019_36_LEFT	TTAGCTTGGTTGTACGCTGCTG	True	True	0
nCoV-2019_36	nCoV-2019_36_RIGHT	GAACAAAGACCATTGAGTACTCTGGA	False	False	0
nCoV-2019_37	nCoV-2019_37_LEFT	ACACACCACTGGTTGTTACTCAC	True	True	0
nCoV-2019_37	nCoV-2019_37_RIGHT	GTCCACACTCTCCTAGCACCAT	False	False	0
nCoV-2019_38	nCoV-2019_38_LEFT	ACTGTGTTATGTATGCATCAGCTGT	True	True	0
nCoV-2019_38	nCoV-2019_38_RIGHT	CACCAAGAGTCAGTCTAAAGTAGCG	False	False	0
nCoV-2019_39	nCoV-2019_39_LEFT	AGTATTGCCCTATTTTCTTCATAACTGGT	True	True	0
nCoV-2019_39	nCoV-2019_39_RIGHT	TGTAACTGGACACATTGAGCCC	False	False	0
nCoV-2019_40	nCoV-2019_40_LEFT	TGCACATCAGTAGTCTTACTCTCAGT	True	True	0
nCoV-2019_40	nCoV-2019_40_RIGHT	CATGGCTGCATCACGGTCAAAT	False	False	0
nCoV-2019_41	nCoV-2019_41_LEFT	GTTCCCTTCCATCATATGCAGCT	True	True	0
nCoV-2019_41	nCoV-2019_41_RIGHT	TGGTATGACAACCATTAGTTTGGCT	False	False	0
nCoV-2019_42	nCoV-2019_42_LEFT	TGCAAGAGATGGTTGTGTTCCC	True	True	0
nCoV-2019_42	nCoV-2019_42_RIGHT	CCTACCTCCCTTTGTTGTGTTGT	False	False	0
nCoV-2019_43	nCoV-2019_43_LEFT	TACGACAGATGTCTTGTGCTGC	True	True	0
nCoV-2019_43	nCoV-2019_43_RIGHT	AGCAGCATCTACAGCAAAAGCA	False	False	0
nCoV-2019_44	nCoV-2019_44_LEFT	TGCCACAGTACGTCTACAAGCT	True	True	0
nCoV-2019_44	nCoV-2019_44_LEFT_alt3	CCACAGTACGTCTACAAGCTGG	True	True	0
nCoV-2019_44	nCoV-2019_44_RIGHT	AACCTTTCCACATACCGCAGAC	False	False	0
nCoV-2019_44	nCoV-2019_44_RIGHT_alt0	CGCAGACGGTACAGACTGTGTT	False	False	0
nCoV-2019_45	nCoV-2019_45_LEFT	TACCTACAACTTGTGCTAATGACCC	True	True	0
nCoV-2019_45	nCoV-2019_45_LEFT_alt2	AGTATGTACAAATACCTACAACTTGTGCT	True	True	0
nCoV-2019_45	nCoV-2019_45_RIGHT	AAATTGTTTCTTCATGTTGGTAGTTAGAGA	False	False	0
nCoV-2019_45	nCoV-2019_45_RIGHT_alt7	TTCATGTTGGTAGTTAGAGAAAGTGTGTC	False	False	0
nCoV-2019_46	nCoV-2019_46_LEFT	TGTCGCTTCCAAGAAAAGGACG	True	True	0
nCoV-2019_46	nCoV-2019_46_LEFT_alt1	CGCTTCCAAGAAAAGGACGAAGA	True	True	0
nCoV-2019_46	nCoV-2019_46_RIGHT	CACGTTCACCTAAGTTGGCGTA	False	False	0
nCoV-2019_46	nCoV-2019_46_RIGHT_alt2	CACGTTCACCTAAGTTGGCGTAT	False	False	0
nCoV-2019_47	nCoV-2019_47_LEFT	AGGACTGGTATGATTTTGTAGAAAACCC	True	True	0
nCoV-2019_47	nCoV-2019_47_RIGHT	AATAACGGTCAAAGAGTTTTAACCTCTC	False	False	0
nCoV-2019_48	nCoV-2019_48_LEFT	TGTTGACACTGACTTAACAAAGCCT	True	True	0
nCoV-2019_48	nCoV-2019_48_RIGHT	TAGATTACCAGAAGCAGCGTGC	False	False	0
nCoV-2019_49	nCoV-2019_49_LEFT	AGGAATTACTTGTGTATGCTGCTGA	True	True	0
nCoV-2019_49	nCoV-2019_49_RIGHT	TGACGATGACTTGGTTAGCATTAATACA	False	False	0
nCoV-2019_50	nCoV-2019_50_LEFT	GTTGATAAGTACTTTGATTGTTACGATGGT	True	True	0
nCoV-2019_50	nCoV-2019_50_RIGHT	TAACATGTTGTGCCAACCACCA	False	False	0
nCoV-2019_51	nCoV-2019_51_LEFT	TCAATAGCCGCCACTAGAGGAG	True	True	0
nCoV-2019_51	nCoV-2019_51_RIGHT	AGTGCATTAACATTGGCCGTGA	False	False	0
nCoV-2019_52	nCoV-2019_52_LEFT	CATCAGGAGATGCCACAACTGC	True	True	0
nCoV-2019_52	nCoV-2019_52_RIGHT	GTTGAGAGCAAAATTCATGAGGTCC	False	False	0
nCoV-2019_53	nCoV-2019_53_LEFT	AGCAAAATGTTGGACTGAGACTGA	True	True	0
nCoV-2019_53	nCoV-2019_53_RIGHT	AGCCTCATAAAACTCAGGTTCCC	False	False	0
nCoV-2019_54	nCoV-2019_54_LEFT	TGAGTTAACAGGACACATGTTAGACA	True	True	0
nCoV-2019_54	nCoV-2019_54_RIGHT	AACCAAAAACTTGTCCATTAGCACA	False	False	0
nCoV-2019_55	nCoV-2019_55_LEFT	ACTCAACTTTACTTAGGAGGTATGAGCT	True	True	0
nCoV-2019_55	nCoV-2019_55_RIGHT	GGTGTACTCTCCTATTTGTACTTTACTGT	False	False	0
nCoV-2019_56	nCoV-2019_56_LEFT	ACCTAGACCACCACTTAACCGA	True	True	0
nCoV-2019_56	nCoV-2019_56_RIGHT	ACACTATGCGAGCAGAAGGGTA	False	False	0
nCoV-2019_57	nCoV-2019_57_LEFT	ATTCTACACTCCAGGGACCACC	True	True	0
nCoV-2019_57	nCoV-2019_57_RIGHT	GTAATTGAGCAGGGTCGCCAAT	False	False	0
nCoV-2019_58	nCoV-2019_58_LEFT	TGATTTGAGTGTTGTCAATGCCAGA	True	True	0
nCoV-2019_58	nCoV-2019_58_RIGHT	CTTTTCTCCAAGCAGGGTTACGT	False	False	0
nCoV-2019_59	nCoV-2019_59_LEFT	TCACGCATGATGTTTCATCTGCA	True	True	0
nCoV-2019_59	nCoV-2019_59_RIGHT	AAGAGTCCTGTTACATTTTCAGCTTG	False	False	0
nCoV-2019_60	nCoV-2019_60_LEFT	TGATAGAGACCTTTATGACAAGTTGCA	True	True	0
nCoV-2019_60	nCoV-2019_60_RIGHT	GGTACCAACAGCTTCTCTAGTAGC	False	False	0
nCoV-2019_61	nCoV-2019_61_LEFT	TGTTTATCACCCGCGAAGAAGC	True	True	0
nCoV-2019_61	nCoV-2019_61_RIGHT	ATCACATAGACAACAGGTGCGC	False	False	0
nCoV-2019_62	nCoV-2019_62_LEFT	GGCACATGGCTTTGAGTTGACA	True	True	0
nCoV-2019_62	nCoV-2019_62_RIGHT	GTTGAACCTTTCTACAAGCCGC	False	False	0
nCoV-2019_63	nCoV-2019_63_LEFT	TGTTAAGCGTGTTGACTGGACT	True	True	0
nCoV-2019_63	nCoV-2019_63_RIGHT	ACAAACTGCCACCATCACAACC	False	False	0
nCoV-2019_64	nCoV-2019_64_LEFT	TCGATAGATATCCTGCTAATTCCATTGT	True	True	0
nCoV-2019_64	nCoV-2019_64_RIGHT	AGTCTTGTAAAAGTGTTCCAGAGGT	False	False	0
nCoV-2019_65	nCoV-2019_65_LEFT	GCTGGCTTTAGCTTGTGGGTTT	True	True	0
nCoV-2019_65	nCoV-2019_65_RIGHT	TGTCAGTCATAGAACAAACACCAATAGT	False	False	0
nCoV-2019_66	nCoV-2019_66_LEFT	GGGTGTGGACATTGCTGCTAAT	True	True	0
nCoV-2019_66	nCoV-2019_66_RIGHT	TCAATTTCCATTTGACTCCTGGGT	False	False	0
nCoV-2019_67	nCoV-2019_67_LEFT	GTTGTCCAACAATTACCTGAAACTTACT	True	True	0
nCoV-2019_67	nCoV-2019_67_RIGHT	CAACCTTAGAAACTACAGATAAATCTTGGG	False	False	0
nCoV-2019_68	nCoV-2019_68_LEFT	ACAGGTTCATCTAAGTGTGTGTGT	True	True	0
nCoV-2019_68	nCoV-2019_68_RIGHT	CTCCTTTATCAGAACCAGCACCA	False	False	0
nCoV-2019_69	nCoV-2019_69_LEFT	TGTCGCAAAATATACTCAACTGTGTCA	True	True	0
nCoV-2019_69	nCoV-2019_69_RIGHT	TCTTTATAGCCACGGAACCTCCA	False	False	0
nCoV-2019_70	nCoV-2019_70_LEFT	ACAAAAGAAAATGACTCTAAAGAGGGTTT	True	True	0
nCoV-2019_70	nCoV-2019_70_RIGHT	TGACCTTCTTTTAAAGACATAACAGCAG	False	False	0
nCoV-2019_71	nCoV-2019_71_LEFT	ACAAATCCAATTCAGTTGTCTTCCTATTC	True	True	0
nCoV-2019_71	nCoV-2019_71_RIGHT	TGGAAAAGAAAGGTAAGAACAAGTCCT	False	False	0
nCoV-2019_72	nCoV-2019_72_LEFT	ACACGTGGTGTTTATTACCCTGAC	True	True	0
nCoV-2019_72	nCoV-2019_72_RIGHT	ACTCTGAACTCACTTTCCATCCAAC	False	False	0
nCoV-2019_73	nCoV-2019_73_LEFT	CAATTTTGTAATGATCCATTTTTGGGTGT	True	True	0
nCoV-2019_73	nCoV-2019_73_RIGHT	CACCAGCTGTCCAACCTGAAGA	False	False	0
nCoV-2019_74	nCoV-2019_74_LEFT	ACATCACTAGGTTTCAAACTTTACTTGC	True	True	0
nCoV-2019_74	nCoV-2019_74_RIGHT	GCAACACAGTTGCTGATTCTCTTC	False	False	0
nCoV-2019_75	nCoV-2019_75_LEFT	AGAGTCCAACCAACAGAATCTATTGT	True	True	0
nCoV-2019_75	nCoV-2019_75_RIGHT	ACCACCAACCTTAGAATCAAGATTGT	False	False	0
nCoV-2019_76	nCoV-2019_76_LEFT	AGGGCAAACTGGAAAGATTGCT	True	True	0
nCoV-2019_76	nCoV-2019_76_LEFT_alt3	GGGCAAACTGGAAAGATTGCTGA	True	True	0
nCoV-2019_76	nCoV-2019_76_RIGHT	ACACCTGTGCCTGTTAAACCAT	False	False	0
nCoV-2019_76	nCoV-2019_76_RIGHT_alt0	ACCTGTGCCTGTTAAACCATTGA	False	False	0
nCoV-2019_77	nCoV-2019_77_LEFT	CCAGCAACTGTTTGTGGACCTA	True	True	0
nCoV-2019_77	nCoV-2019_77_RIGHT	CAGCCCCTATTAAACAGCCTGC	False	False	0
nCoV-2019_78	nCoV-2019_78_LEFT	CAACTTACTCCTACTTGGCGTGT	True	True	0
nCoV-2019_78	nCoV-2019_78_RIGHT	TGTGTACAAAAACTGCCATATTGCA	False	False	0
nCoV-2019_79	nCoV-2019_79_LEFT	GTGGTGATTCAACTGAATGCAGC	True	True	0
nCoV-2019_79	nCoV-2019_79_RIGHT	CATTTCATCTGTGAGCAAAGGTGG	False	False	0
nCoV-2019_80	nCoV-2019_80_LEFT	TTGCCTTGGTGATATTGCTGCT	True	True	0
nCoV-2019_80	nCoV-2019_80_RIGHT	TGGAGCTAAGTTGTTTAACAAGCG	False	False	0
nCoV-2019_81	nCoV-2019_81_LEFT	GCACTTGGAAAACTTCAAGATGTGG	True	True	0
nCoV-2019_81	nCoV-2019_81_RIGHT	GTGAAGTTCTTTTCTTGTGCAGGG	False	False	0
nCoV-2019_82	nCoV-2019_82_LEFT	GGGCTATCATCTTATGTCCTTCCCT	True	True	0
nCoV-2019_82	nCoV-2019_82_RIGHT	TGCCAGAGATGTCACCTAAATCAA	False	False	0
nCoV-2019_83	nCoV-2019_83_LEFT	TCCTTTGCAACCTGAATTAGACTCA	True	True	0
nCoV-2019_83	nCoV-2019_83_RIGHT	TTTGACTCCTTTGAGCACTGGC	False	False	0
nCoV-2019_84	nCoV-2019_84_LEFT	TGCTGTAGTTGTCTCAAGGGCT	True	True	0
nCoV-2019_84	nCoV-2019_84_RIGHT	AGGTGTGAGTAAACTGTTACAAACAAC	False	False	0
nCoV-2019_85	nCoV-2019_85_LEFT	ACTAGCACTCTCCAAGGGTGTT	True	True	0
nCoV-2019_85	nCoV-2019_85_RIGHT	ACACAGTCTTTTACTCCAGATTCCC	False	False	0
nCoV-2019_86	nCoV-2019_86_LEFT	TCAGGTGATGGCACAACAAGTC	True	True	0
nCoV-2019_86	nCoV-2019_86_RIGHT	ACGAAAGCAAGAAAAAGAAGTACGC	False	False	0
nCoV-2019_87	nCoV-2019_87_LEFT	CGACTACTAGCGTGCCTTTGTA	True	True	0
nCoV-2019_87	nCoV-2019_87_RIGHT	ACTAGGTTCCATTGTTCAAGGAGC	False	False	0
nCoV-2019_88	nCoV-2019_88_LEFT	CCATGGCAGATTCCAACGGTAC	True	True	0
nCoV-2019_88	nCoV-2019_88_RIGHT	TGGTCAGAATAGTGCCATGGAGT	False	False	0
nCoV-2019_89	nCoV-2019_89_LEFT	GTACGCGTTCCATGTGGTCATT	True	True	0
nCoV-2019_89	nCoV-2019_89_LEFT_alt2	CGCGTTCCATGTGGTCATTCAA	True	True	0
nCoV-2019_89	nCoV-2019_89_RIGHT	ACCTGAAAGTCAACGAGATGAAACA	False	False	0
nCoV-2019_89	nCoV-2019_89_RIGHT_alt4	ACGAGATGAAACATCTGTTGTCACT	False	False	0
nCoV-2019_90	nCoV-2019_90_LEFT	ACACAGACCATTCCAGTAGCAGT	True	True	0
nCoV-2019_90	nCoV-2019_90_RIGHT	TGAAATGGTGAATTGCCCTCGT	False	False	0
nCoV-2019_91	nCoV-2019_91_LEFT	TCACTACCAAGAGTGTGTTAGAGGT	True	True	0
nCoV-2019_91	nCoV-2019_91_RIGHT	TTCAAGTGAGAACCAAAAGATAATAAGCA	False	False	0
nCoV-2019_92	nCoV-2019_92_LEFT	TTTGTGCTTTTTAGCCTTTCTGCT	True	True	0
nCoV-2019_92	nCoV-2019_92_RIGHT	AGGTTCCTGGCAATTAATTGTAAAAGG	False	False	0
nCoV-2019_93	nCoV-2019_93_LEFT	TGAGGCTGGTTCTAAATCACCCA	True	True	0
nCoV-2019_93	nCoV-2019_93_RIGHT	AGGTCTTCCTTGCCATGTTGAG	False	False	0
nCoV-2019_94	nCoV-2019_94_LEFT	GGCCCCAAGGTTTACCCAATAA	True	True	0
nCoV-2019_94	nCoV-2019_94_RIGHT	TTTGGCAATGTTGTTCCTTGAGG	False	False	0
nCoV-2019_95	nCoV-2019_95_LEFT	TGAGGGAGCCTTGAATACACCA	True	True	0
nCoV-2019_95	nCoV-2019_95_RIGHT	CAGTACGTTTTTGCCGAGGCTT	False	False	0
nCoV-2019_96	nCoV-2019_96_LEFT	GCCAACAACAACAAGGCCAAAC	True	True	0
nCoV-2019_96	nCoV-2019_96_RIGHT	TAGGCTCTGTTGGTGGGAATGT	False	False	0
nCoV-2019_97	nCoV-2019_97_LEFT	TGGATGACAAAGATCCAAATTTCAAAGA	True	True	0
nCoV-2019_97	nCoV-2019_97_RIGHT	ACACACTGATTAAAGATTGCTATGTGAG	False	False	0
nCoV-2019_98	nCoV-2019_98_LEFT	AACAATTGCAACAATCCATGAGCA	True	True	0
nCoV-2019_98	nCoV-2019_98_RIGHT	TTCTCCTAAGAAGCTATTAAAATCACATGG	False	False	0
